{
  "sentiment_task": {
    "best_model": "logistic_regression",
    "results": {
      "logistic_regression": {
        "accuracy": 0.8910256410256411,
        "f1_macro": 0.8910211629340457,
        "classification_report": {
          "negatif": {
            "precision": 0.8860759493670886,
            "recall": 0.8974358974358975,
            "f1-score": 0.89171974522293,
            "support": 156.0
          },
          "positif": {
            "precision": 0.8961038961038961,
            "recall": 0.8846153846153846,
            "f1-score": 0.8903225806451613,
            "support": 156.0
          },
          "accuracy": 0.8910256410256411,
          "macro avg": {
            "precision": 0.8910899227354923,
            "recall": 0.891025641025641,
            "f1-score": 0.8910211629340457,
            "support": 312.0
          },
          "weighted avg": {
            "precision": 0.8910899227354923,
            "recall": 0.8910256410256411,
            "f1-score": 0.8910211629340458,
            "support": 312.0
          }
        },
        "confusion_matrix": [
          [
            140,
            16
          ],
          [
            18,
            138
          ]
        ],
        "labels": [
          "negatif",
          "positif"
        ]
      },
      "naive_bayes": {
        "accuracy": 0.8878205128205128,
        "f1_macro": 0.8877640166503931,
        "classification_report": {
          "negatif": {
            "precision": 0.9060402684563759,
            "recall": 0.8653846153846154,
            "f1-score": 0.8852459016393442,
            "support": 156.0
          },
          "positif": {
            "precision": 0.8711656441717791,
            "recall": 0.9102564102564102,
            "f1-score": 0.890282131661442,
            "support": 156.0
          },
          "accuracy": 0.8878205128205128,
          "macro avg": {
            "precision": 0.8886029563140775,
            "recall": 0.8878205128205128,
            "f1-score": 0.8877640166503931,
            "support": 312.0
          },
          "weighted avg": {
            "precision": 0.8886029563140775,
            "recall": 0.8878205128205128,
            "f1-score": 0.887764016650393,
            "support": 312.0
          }
        },
        "confusion_matrix": [
          [
            135,
            21
          ],
          [
            14,
            142
          ]
        ],
        "labels": [
          "negatif",
          "positif"
        ]
      }
    },
    "error_examples": [
      {
        "text": "ada deposit dua_ratus_ribu",
        "actual": "negatif",
        "predicted": "positif"
      },
      {
        "text": "suara musik rooftop bar tengah malam terdengar",
        "actual": "negatif",
        "predicted": "positif"
      },
      {
        "text": "fasilitas nomor satu bisa naik kuda",
        "actual": "positif",
        "predicted": "negatif"
      },
      {
        "text": "booking room dkasih room ada orangnya",
        "actual": "negatif",
        "predicted": "positif"
      },
      {
        "text": "lokasi pedesaan terisolasi jarang tempat hiburan sekitar hotel",
        "actual": "negatif",
        "predicted": "positif"
      }
    ]
  },
  "aspect_task": {
    "best_model": "logistic_regression",
    "results": {
      "logistic_regression": {
        "accuracy": 0.9134615384615384,
        "f1_macro": 0.9141942533064028,
        "classification_report": {
          "fasilitas": {
            "precision": 0.8,
            "recall": 0.9230769230769231,
            "f1-score": 0.8571428571428571,
            "support": 52.0
          },
          "harga": {
            "precision": 0.9615384615384616,
            "recall": 0.9615384615384616,
            "f1-score": 0.9615384615384616,
            "support": 52.0
          },
          "kamar": {
            "precision": 0.8867924528301887,
            "recall": 0.9038461538461539,
            "f1-score": 0.8952380952380953,
            "support": 52.0
          },
          "lokasi": {
            "precision": 0.9583333333333334,
            "recall": 0.8846153846153846,
            "f1-score": 0.92,
            "support": 52.0
          },
          "pelayanan": {
            "precision": 1.0,
            "recall": 0.8461538461538461,
            "f1-score": 0.9166666666666666,
            "support": 52.0
          },
          "sarapan": {
            "precision": 0.9090909090909091,
            "recall": 0.9615384615384616,
            "f1-score": 0.9345794392523364,
            "support": 52.0
          },
          "accuracy": 0.9134615384615384,
          "macro avg": {
            "precision": 0.9192925261321488,
            "recall": 0.9134615384615384,
            "f1-score": 0.9141942533064028,
            "support": 312.0
          },
          "weighted avg": {
            "precision": 0.9192925261321488,
            "recall": 0.9134615384615384,
            "f1-score": 0.9141942533064028,
            "support": 312.0
          }
        },
        "confusion_matrix": [
          [
            48,
            0,
            1,
            1,
            0,
            2
          ],
          [
            1,
            50,
            1,
            0,
            0,
            0
          ],
          [
            4,
            0,
            47,
            1,
            0,
            0
          ],
          [
            4,
            1,
            1,
            46,
            0,
            0
          ],
          [
            3,
            0,
            2,
            0,
            44,
            3
          ],
          [
            0,
            1,
            1,
            0,
            0,
            50
          ]
        ],
        "labels": [
          "fasilitas",
          "harga",
          "kamar",
          "lokasi",
          "pelayanan",
          "sarapan"
        ]
      },
      "naive_bayes": {
        "accuracy": 0.8942307692307693,
        "f1_macro": 0.8946747247475798,
        "classification_report": {
          "fasilitas": {
            "precision": 0.7719298245614035,
            "recall": 0.8461538461538461,
            "f1-score": 0.8073394495412844,
            "support": 52.0
          },
          "harga": {
            "precision": 0.9615384615384616,
            "recall": 0.9615384615384616,
            "f1-score": 0.9615384615384616,
            "support": 52.0
          },
          "kamar": {
            "precision": 0.84,
            "recall": 0.8076923076923077,
            "f1-score": 0.8235294117647058,
            "support": 52.0
          },
          "lokasi": {
            "precision": 0.9423076923076923,
            "recall": 0.9423076923076923,
            "f1-score": 0.9423076923076923,
            "support": 52.0
          },
          "pelayanan": {
            "precision": 0.9375,
            "recall": 0.8653846153846154,
            "f1-score": 0.9,
            "support": 52.0
          },
          "sarapan": {
            "precision": 0.9245283018867925,
            "recall": 0.9423076923076923,
            "f1-score": 0.9333333333333333,
            "support": 52.0
          },
          "accuracy": 0.8942307692307693,
          "macro avg": {
            "precision": 0.8963007133823916,
            "recall": 0.8942307692307693,
            "f1-score": 0.8946747247475798,
            "support": 312.0
          },
          "weighted avg": {
            "precision": 0.8963007133823916,
            "recall": 0.8942307692307693,
            "f1-score": 0.8946747247475796,
            "support": 312.0
          }
        },